Date,Name,Holiday
01/01/2024,New Year's Day,새해
09/02/2024,Lunar New Year,설날
10/02/2024,Lunar New Year,설날
12/02/2024,Lunar New Year,설날
01/03/2024,Independence Movement Day,3·1절
06/05/2024,Children's Day,어린이날
15/05/2024,Buddha's Birthday,부처님 오신 날
06/06/2024,Memorial Day,현충일
15/08/2024,Liberation Day,광복절
16/09/2024,Chuseok,추석
17/09/2024,Chuseok,추석
18/09/2024,Chuseok,추석
03/10/2024,National Foundation Day,개천절
09/10/2024,Hangul Day,한글날
25/12/2024,Christmas Day,크리스마스
